track,model_id,family,valid,extrapolation,behaviour,extrapolation_label_ok,can_extrapolate,complexity,n,wape_pct,mae,mdape_pct,median_bias_pct,aggregate_bias_pct,mape_dq_median_pct,mape_dq_max_pct,rmse_log,r2_log,in_pseudotest,pseudotest_wape_pooled,is_unconstrained_leader,is_chosen_model,diff_vs_leader,se_diff,se_source,tie_with_leader,rank_valid,rank_pseudotest
jeonse,hgb_legal_dong_median,boosting,True,none,level persistence,False,False,13,37935,15.537926960847667,7003.067726625867,12.064728324584145,-6.364830456712004,-7.700077649909752,18.654468197563922,44.172054078385536,0.25910674129872135,0.8823565769862312,True,16.60144426914632,False,False,0.2171125526,0.0839586677,district,False,1.0,2.0
jeonse,hgb_legal_dong,boosting,True,none,level persistence,False,False,13,37935,15.835359981110352,7137.123163382846,12.676031600379844,-7.368392141052469,-8.56579520830691,18.71897185306083,41.183269096591246,0.2555907283933491,0.8855276973127119,True,16.384331716576263,True,False,0.0,0.0,row,True,2.0,1.0
jeonse,hybrid_hgb_median,time-series/hybrid,True,forecasted index,level persistence,True,False,14,37935,17.089405048681567,7702.331286871361,12.455490036853343,-2.1469352198880673,-3.932556333447644,20.6285959280004,45.76096763588148,0.28212367350841705,0.8605272744219236,True,17.94505622364781,False,False,1.5607245071,0.3003537381,district,False,3.0,6.0
jeonse,hgb_time_median,boosting,True,tree time feature (cannot extrapolate),level persistence,False,False,12,37935,17.22119834599758,7761.731578129328,12.477304880740563,-2.5291318799958393,-3.524567415554794,20.238024090291482,42.55750741057402,0.2871855258030189,0.8554775474485325,True,17.336145123706192,False,False,0.9518134071,0.3490837608,district,False,4.0,3.0
jeonse,hgb_time,boosting,True,tree time feature (cannot extrapolate),level persistence,False,False,12,37935,17.311054524571233,7802.230475169628,13.065695242106468,-3.947998082478859,-4.011287953425981,19.977935269604316,39.14225325903102,0.2817067643855516,0.8609391823428322,True,17.75570783630714,False,False,1.3713761197,0.3461188486,district,False,5.0,4.0
jeonse,hgb_time_kmeans,unsupervised-assisted,True,tree time feature (cannot extrapolate),not evaluated,False,False,15,37935,17.342393282758977,7816.355103674456,12.965698842591571,-3.807211422586279,-4.016929185166093,19.983305085052827,40.02838652162957,0.28220799357588716,0.8604438917909706,False,,False,False,,,,,6.0,
jeonse,hgb_time_tier,unsupervised-assisted,True,tree time feature (cannot extrapolate),not evaluated,False,False,15,37935,17.35076212283106,7820.12700670668,13.063681221399126,-3.9027642823255215,-3.9739103136623246,19.984279385420876,38.9436512696319,0.28196965426422094,0.8606795170170912,False,,False,False,,,,,7.0,
jeonse,hgb_time_gmm,unsupervised-assisted,True,tree time feature (cannot extrapolate),not evaluated,False,False,15,37935,17.37711402464015,7832.0040192296165,13.059776788848573,-3.904875842688502,-4.054741826236064,19.9316349645109,38.992617421873064,0.282658168747253,0.8599982998516922,False,,False,False,,,,,8.0,
jeonse,hybrid_hgb,time-series/hybrid,True,forecasted index,level persistence,True,False,14,37935,17.444758713756546,7862.492020648489,12.959757945890246,-3.3505236405171828,-5.026291517054267,20.412683990759845,43.68002645368601,0.2806046837523508,0.8620251090738477,True,17.92839273425751,False,False,1.5440610177,0.2799253838,district,False,9.0,5.0
jeonse,hgb_detrended,boosting,True,log-linear trend (detrended),extrapolates,True,True,13,37935,17.648114899923623,7954.146277226273,13.365680620243579,5.232575000392855,3.386395842875936,22.630792613398725,50.95354510516253,0.29250626191667106,0.8500727540689291,True,18.348078338414883,False,False,1.9637466218,0.3299919654,district,False,10.0,7.0
jeonse,hgb_detrended_median,boosting,True,log-linear trend (detrended),extrapolates,True,True,13,37935,17.704917563914716,7979.747691365028,13.255146243959977,6.238097868622229,4.261921870561264,23.307988098144243,54.915670429878716,0.30076254727763224,0.8414896092765503,True,18.894199671820168,False,False,2.5098679552,0.3431110442,district,False,11.0,11.0
jeonse,rf_time,forest,True,tree time feature (cannot extrapolate),not evaluated,False,False,10,37935,17.905087295456703,8069.965787404562,13.629055068049873,-5.163495243441103,-6.4562882278872555,20.45087443274051,42.65544344393033,0.2912467776085096,0.8513610989719846,False,,False,False,,,,,12.0,
jeonse,rf_detrended,forest,True,log-linear trend (detrended),extrapolates,True,True,11,37935,17.90909328323892,8071.771318079383,13.594087606306388,5.249824450626459,2.750667418526711,22.795663976777114,51.841587076816964,0.3003335242223147,0.841941501376263,True,18.529305356553614,False,True,2.14497364,0.2218847494,district,False,13.0,8.0
jeonse,hgb_static_median,boosting,True,none,level persistence,False,False,12,37935,18.139653003021323,8175.686424434083,13.636130059377058,-6.4311332479430074,-8.242617584230675,20.647688804569043,44.210095725607076,0.2847873052153708,0.8578812169592522,True,18.8101914110057,False,False,2.4258596944,0.3209216238,district,False,14.0,10.0
jeonse,hgb_static,boosting,True,none,level persistence,False,False,12,37935,18.58578020750684,8376.759517104349,14.281313405877288,-7.77586646425878,-9.3616115262659,20.786463446776317,42.68435915432115,0.28519796776359957,0.857471051617807,True,18.567176098095885,False,False,2.1828443815,0.2918777977,district,False,15.0,9.0
jeonse,rf_static,forest,True,none,not evaluated,False,False,10,37935,18.926590201389264,8530.365302167156,14.205839883733304,-7.326234901530097,-9.63710727492265,21.073011667898278,43.16766236615985,0.29496990774553444,0.8475365817588816,False,,False,False,,,,,16.0,
jeonse,ridge_time_rich,linear,True,linear time feature,extrapolates,True,True,8,37935,23.094440641902793,10408.848769293156,17.930762449601676,-8.259504412479387,-10.612843806695468,25.557795727055826,50.27152179598754,0.3427744921273439,0.7941138086228461,True,23.29438829890166,False,False,6.9100565823,0.6503835171,district,False,17.0,14.0
jeonse,hybrid_ridge,time-series/hybrid,True,forecasted index,level persistence,True,False,10,37935,23.135556803474596,10427.380151560032,17.403283384790285,-4.8005542300450355,-8.473424714399723,26.457757532640876,49.95586918979126,0.349130342954225,0.78640778583586,True,22.81012371653774,False,False,6.425792,0.8290891637,district,False,18.0,12.0
jeonse,ridge_time_gmm,unsupervised-assisted,True,linear time feature,not evaluated,True,False,9,37935,23.390770588825312,10542.407042089453,17.28885983156069,-7.399273367563135,-11.343681044162643,25.653152522882852,48.24316890977413,0.34222161132453255,0.7947774444736567,False,,False,False,,,,,19.0,
jeonse,ridge_time_kmeans,unsupervised-assisted,True,linear time feature,not evaluated,True,False,9,37935,23.968713003022064,10802.89030210915,18.228854869542968,-8.127939342886151,-11.743812585806715,26.433925452354323,48.3158165826265,0.35023479472710023,0.7850542774090996,False,,False,False,,,,,20.0,
jeonse,ridge_time_tier,unsupervised-assisted,True,linear time feature,not evaluated,True,False,9,37935,24.043589507909104,10836.637740630278,18.29735139686739,-8.38121924667984,-11.916697366466163,26.135417928058207,48.44020970036502,0.35202577491135023,0.7828503398155143,False,,False,False,,,,,21.0,
jeonse,ridge_time,linear,True,linear time feature,extrapolates,True,True,7,37935,24.04358965127993,10836.637805248653,18.297353420680945,-8.381223029911538,-11.916697466841464,26.135418833631526,48.440208154982614,0.35202577507285104,0.7828503396162684,True,24.108550256694876,False,False,7.7242185401,0.8139748963,district,False,22.0,15.0
jeonse,elasticnet_time,linear,True,linear time feature,not evaluated,True,False,7,37935,24.044985626507387,10837.266982428286,18.30336384804144,-8.381280810815687,-11.919079573875662,26.13604539552984,48.438058065123215,0.3520323612288999,0.7828422141037101,False,,False,False,,,,,23.0,
jeonse,lasso_time,linear,True,linear time feature,not evaluated,True,False,7,37935,24.047735864477755,10838.50653663776,18.30474304519072,-8.38736414827914,-11.923941128002939,26.138473957865887,48.43038475055099,0.3520480685983598,0.7828228348985731,False,,False,False,,,,,24.0,
jeonse,ols_static,linear,True,none,not evaluated,False,False,6,37935,24.36636347448043,10982.114544195285,18.625495963173012,-9.205147688716034,-12.754031422517857,26.18861769345527,47.64036033335807,0.35368609663229705,0.7807971462218717,False,,False,False,,,,,25.0,
jeonse,ridge_static,linear,True,none,level persistence,False,False,6,37935,24.366369146645532,10982.11710068538,18.62543046345167,-9.205114133444281,-12.754041244303869,26.188618937954836,47.64035930031087,0.35368611810851125,0.7807971196013874,True,22.997660370991373,False,False,6.6133286544,0.8058110073,district,False,26.0,13.0
jeonse,elasticnet_static,linear,True,none,not evaluated,False,False,6,37935,24.367763144323444,10982.745386567645,18.626519212974205,-9.20488700158281,-12.75638438960206,26.18922179512971,47.6385038474841,0.35369248369170175,0.7807892291773306,False,,False,False,,,,,27.0,
jeonse,lasso_static,linear,True,none,not evaluated,False,False,6,37935,24.370059200010793,10983.780237196248,18.623613299999654,-9.206049409413712,-12.760268358792604,26.19106331305709,47.63192219362192,0.3537047205438297,0.7807740606548765,False,,False,False,,,,,28.0,
jeonse,baseline_district_type_area,baseline,True,none,level persistence,False,False,3,37935,27.251026559572967,12282.25522604455,20.382165605095544,-4.761904761904762,-10.289876203058318,31.21022474779469,58.800957248900986,0.39092903430819764,0.732202769627167,True,26.36196548876177,False,False,9.9776337722,0.9197947427,district,False,29.0,16.0
jeonse,baseline_drift,baseline,True,fixed level factor (no trend),not evaluated,False,False,3,37935,33.867872759234444,15264.520633113263,26.153023772071393,0.592892791474352,-8.078237822540066,42.51478700305298,73.54131984222457,0.48700844428068807,0.5843926582336285,False,,False,False,,,,,30.0,
jeonse,baseline_district_type,baseline,True,none,not evaluated,False,False,2,37935,34.468675495697354,15535.307222881243,26.31578947368421,-6.382978723404255,-14.452787600131664,39.97513431664869,68.58804636390337,0.48604377571167645,0.5860375014348398,False,,False,False,,,,,31.0,
jeonse,gmm_median,pure unsupervised,True,none,not evaluated,False,False,5,37935,37.09926365808138,16720.93430868591,28.57142857142857,-7.462686567164178,-18.562566592102726,40.502393955417034,75.9352488745597,0.5173161253602572,0.5310546218001393,False,,False,False,,,,,32.0,
jeonse,kmeans_median,pure unsupervised,True,none,not evaluated,False,False,4,37935,41.761931151144374,18822.435771714776,32.926829268292686,-8.333333333333332,-20.47448674156153,48.88207875302264,107.9049825134092,0.5749807995413762,0.4206821468170945,False,,False,False,,,,,33.0,
jeonse,baseline_district,baseline,True,none,not evaluated,False,False,1,37935,51.692606860573385,23298.270594437854,46.496815286624205,-16.666666666666664,-29.719990323675315,63.597586476107395,113.75904575168032,0.7145400361963385,0.10532899436597043,False,,False,False,,,,,34.0,
jeonse,baseline_global_median,baseline,True,none,not evaluated,False,False,0,37935,55.55933690335917,25041.036694345592,49.010791366906474,-20.140845070422536,-37.09896197844314,65.1631568077893,156.6095540744105,0.7805961925503649,-0.0677340313382393,False,,False,False,,,,,35.0,
jeonse,baseline_train_median,baseline,True,none,not evaluated,False,False,0,37935,55.55933690335917,25041.036694345592,49.010791366906474,-20.140845070422536,-37.09896197844314,65.1631568077893,156.6095540744105,0.7805961925503649,-0.0677340313382393,False,,False,False,,,,,35.0,
jeonse,hybrid_hgb_oracle,time-series/hybrid,False,forecasted index,not evaluated,True,False,14,37935,17.246523530462255,7773.1458409484485,12.883636877744987,-2.8474044668419816,-4.422376904569442,20.497828381997504,45.741519403358375,0.2799381454230819,0.8626798118122888,False,,False,False,,,,,,
jeonse,hybrid_ridge_oracle,time-series/hybrid,False,forecasted index,not evaluated,True,False,10,37935,22.89447730684864,10318.723697798432,17.229221597751295,-4.252271904777541,-7.903099358490488,26.310543512591472,50.578331593257474,0.3482279720020584,0.7875104704579425,False,,False,False,,,,,,
wolse,hgb_legal_dong_median,boosting,True,none,level persistence,False,False,13,57829,41.309735692584475,30.96758630565259,28.01246382665674,-6.486855656970647,-9.568826944905085,88.23638440080961,169.44288465155927,0.705006243065362,0.3253628518770528,True,39.745422857003184,True,False,0.0,0.0,row,True,1.0,1.0
wolse,hgb_detrended_median,boosting,True,log-linear trend (detrended),extrapolates,True,True,13,57829,42.47797817486415,31.843352012921923,28.63814579935209,-6.101566654237033,-10.231777448362593,91.84631884885769,168.17375387848438,0.7174691781015031,0.3012998708843161,True,40.178392551741545,False,True,0.4329696947,0.1643393066,district,False,2.0,2.0
wolse,hgb_static_median,boosting,True,none,level persistence,False,False,12,57829,42.57560969698179,31.916540875949995,28.937167912603375,-6.80682344231234,-11.030178116129687,90.93292008138752,166.83824946081626,0.7159415803515435,0.30427197483866253,True,40.376685323471946,False,False,0.6312624665,0.1779259204,district,False,3.0,3.0
wolse,hgb_time_median,boosting,True,tree time feature (cannot extrapolate),level persistence,False,False,12,57829,42.66948327599347,31.986912620313067,29.235435695561833,-4.964053974725999,-9.151563309167749,89.11867952419239,161.9165045156,0.7183149509938901,0.2996516051288354,True,40.71276692436175,False,False,0.9673440674,0.1912958686,district,False,4.0,4.0
wolse,hybrid_hgb_median,time-series/hybrid,True,forecasted index,extrapolates,True,True,14,57829,43.05271398448488,32.27419913622061,29.82064851070081,-9.57795260957266,-13.688150577806432,88.25590509450876,161.80906782460343,0.7120480943713241,0.31181851709549346,True,40.72328832064525,False,False,0.9778654636,0.1725649341,district,False,5.0,5.0
wolse,hgb_legal_dong,boosting,True,none,level persistence,False,False,13,57829,44.33351248863339,33.23434176488646,35.33397247388258,-16.90856797558727,-21.667266306478833,75.03689605042905,127.19041840717689,0.683693037167698,0.3655365041972316,True,41.49024579915696,False,False,1.7448229422,0.1277985682,district,False,6.0,6.0
wolse,hgb_detrended,boosting,True,log-linear trend (detrended),extrapolates,True,True,13,57829,45.32932095778581,33.98084338721258,35.76663587399262,-16.924407075412766,-22.47583452166026,77.07224956118374,129.2898256269252,0.6941959609690415,0.34589346094323725,True,41.576543773778674,False,False,1.8311209168,0.1789125769,district,False,7.0,7.0
wolse,hgb_static,boosting,True,none,level persistence,False,False,12,57829,45.543245049490196,34.141210251382645,36.03674332814549,-17.65422567360187,-23.201189332361587,76.9508651393594,127.67340602524243,0.6944470988103725,0.3454201057886984,True,42.35640602986959,False,False,2.6109831729,0.1910664801,district,False,8.0,8.0
wolse,hgb_time_gmm,unsupervised-assisted,True,tree time feature (cannot extrapolate),not evaluated,False,False,15,57829,45.56395144002207,34.156732668196106,37.26679177669388,-18.169731797402438,-22.302642126915977,76.35771332372809,119.22676126608184,0.6959395936112609,0.34260345662717206,False,,False,False,,,,,9.0,
wolse,hgb_time,boosting,True,tree time feature (cannot extrapolate),level persistence,False,False,12,57829,45.7416913883324,34.28997431443231,37.37424633281702,-18.204167750415564,-22.464438826324386,76.06265516106609,128.766575112407,0.6972936717515582,0.3400427967998826,True,42.37498079316014,False,False,2.6295579362,0.1640857215,district,False,10.0,9.0
wolse,hgb_time_tier,unsupervised-assisted,True,tree time feature (cannot extrapolate),not evaluated,False,False,15,57829,45.744567570958445,34.29213042684043,37.34819625576615,-18.434084876811344,-22.557167197331456,76.03675012337557,127.98610669002119,0.6970438230416115,0.34051565327795097,False,,False,False,,,,,11.0,
wolse,rf_detrended,forest,True,log-linear trend (detrended),extrapolates,True,True,11,57829,45.756043344623066,34.30073316915831,35.71100826581312,-16.191869720300208,-23.12243765963688,77.36952418747063,129.9971816808135,0.6997083617786756,0.3354640908604235,True,42.43999648682624,False,False,2.6945736298,0.32025009,district,False,12.0,10.0
wolse,hgb_time_kmeans,unsupervised-assisted,True,tree time feature (cannot extrapolate),not evaluated,False,False,15,57829,45.78552628913742,34.322834875051264,37.46423071035348,-18.346106870992408,-22.568208181736633,76.13750657676776,125.34211836738386,0.6973078308407786,0.34001599464127163,False,,False,False,,,,,13.0,
wolse,rf_static,forest,True,none,not evaluated,False,False,10,57829,45.95944557729485,34.4532123871785,35.94846577500955,-16.86542316933533,-23.787283550221456,76.71724607525059,128.96138741936497,0.7003778651193816,0.33419178403349725,False,,False,False,,,,,14.0,
wolse,hybrid_hgb,time-series/hybrid,True,forecasted index,extrapolates,True,True,14,57829,46.135626084605086,34.58528500817285,36.752274491790935,-19.493200250378877,-25.07011166593446,76.10265234797113,127.62862042351661,0.6967999210252388,0.34097709175641744,True,42.94815814302616,False,False,3.202735286,0.1944406545,district,False,15.0,11.0
wolse,rf_time,forest,True,tree time feature (cannot extrapolate),not evaluated,False,False,10,57829,46.35067431383587,34.74649457504445,37.132476450963296,-17.276001656061624,-24.014857546397035,73.69479557436335,119.50747136697615,0.7052859446757789,0.32482743951685555,False,,False,False,,,,,16.0,
wolse,baseline_district_type_area,baseline,True,none,level persistence,False,False,3,57829,46.95914641249425,35.202631897490875,32.53012048192771,-7.4074074074074066,-14.580397521173024,94.79056376660844,174.87532941464005,0.7640976007512733,0.20753151928396174,True,45.42497705655349,False,False,5.6795541996,0.4795318849,district,False,17.0,12.0
wolse,ridge_time_rich,linear,True,linear time feature,extrapolates,True,True,8,57829,49.09825925865989,36.80620453165459,39.17650138401854,-20.277550758442416,-28.968213059667562,79.03327460539924,138.2923182966992,0.7336104192149518,0.26950826349089196,True,46.1584610267518,False,False,6.4130381697,0.3976678136,district,False,18.0,13.0
wolse,ols_static,linear,True,none,not evaluated,False,False,6,57829,49.96621936237297,37.45686542238556,38.7759270222647,-17.540237096269223,-26.18713231168066,85.01561806677333,145.07534106933863,0.7447020032711942,0.2472524164968508,False,,False,False,,,,,19.0,
wolse,ridge_static,linear,True,none,level persistence,False,False,6,57829,49.96622185818694,37.456867293356986,38.77593116159615,-17.540209125309726,-26.187137675332984,85.01561289036545,145.07529783733452,0.7447020153927887,0.24725239199174398,True,47.64368138631215,False,False,7.8982585293,0.5094752899,district,False,20.0,14.0
wolse,elasticnet_static,linear,True,none,not evaluated,False,False,6,57829,49.96695632743017,37.45741788365482,38.77629185212422,-17.539055232379962,-26.188663534685837,85.01393356468682,145.0645914742586,0.7447055638059845,0.24724521847575032,False,,False,False,,,,,21.0,
wolse,lasso_static,linear,True,none,not evaluated,False,False,6,57829,49.96842920131957,37.45852201440082,38.77619302393924,-17.538154369110085,-26.191543888941833,85.01043724720313,145.04881043016792,0.7447130145218246,0.2472301559052429,False,,False,False,,,,,22.0,
wolse,ridge_time_gmm,unsupervised-assisted,True,linear time feature,not evaluated,True,False,9,57829,50.4504048289738,37.819832044503066,40.31803134667261,-22.06583615220148,-29.91255491805509,79.79442255495314,139.70906202328192,0.7422134964099143,0.2522747952011134,False,,False,False,,,,,23.0,
wolse,hybrid_ridge,time-series/hybrid,True,forecasted index,extrapolates,True,True,10,57829,50.4930148079898,37.85177435012514,39.57370883567206,-19.720968439769177,-28.181608430635634,83.81012496688831,140.57725892620624,0.7460076071135637,0.24461068425554522,True,48.09152617811191,False,False,8.3461033211,0.4993352655,district,False,24.0,15.0
wolse,ridge_time_kmeans,unsupervised-assisted,True,linear time feature,not evaluated,True,False,9,57829,50.96663833161769,38.20682327741631,40.58548322918802,-22.495953676012718,-30.79607506059959,80.90693630812869,137.53821050016904,0.7470950435294742,0.2424068554021177,False,,False,False,,,,,25.0,
wolse,ridge_time_tier,unsupervised-assisted,True,linear time feature,not evaluated,True,False,9,57829,51.34706112832487,38.49200485972748,40.878152315042165,-22.753392448434806,-30.860648465346003,81.5891952134836,137.4815111137312,0.7496584051922237,0.23719917314686323,False,,False,False,,,,,26.0,
wolse,ridge_time,linear,True,linear time feature,extrapolates,True,True,7,57829,51.34706174678128,38.492005323349474,40.87815443739889,-22.753400796805597,-30.86064982739611,81.58919903741129,137.48148583608787,0.7496584066566412,0.23719917016668224,True,48.455672028719086,False,False,8.7102491717,0.4876895905,district,False,27.0,16.0
wolse,elasticnet_time,linear,True,linear time feature,not evaluated,True,False,7,57829,51.39093696968512,38.52489611117891,40.84368085331683,-22.737911175291227,-30.913185850636154,81.6425342308448,136.93611740316894,0.749899384165873,0.23670868707069925,False,,False,False,,,,,28.0,
wolse,lasso_time,linear,True,linear time feature,not evaluated,True,False,7,57829,51.39915867536292,38.531059461679426,40.84174252558878,-22.716857707871252,-30.9193645156711,81.6498774839408,136.8488554857566,0.7499584967469887,0.23658834586505761,False,,False,False,,,,,29.0,
wolse,baseline_drift,baseline,True,fixed level factor (no trend),not evaluated,False,False,3,57829,51.726381981349256,38.77636037681386,35.28622540250448,-0.8413461538461564,-14.891734084953306,106.3282936420965,228.62424876485176,0.8212947659465017,0.08444922204166727,False,,False,False,,,,,30.0,
wolse,gmm_median,pure unsupervised,True,none,not evaluated,False,False,5,57829,51.87327210466158,38.886475643708174,35.8974358974359,-6.666666666666667,-19.839565963071337,99.21955178374276,191.3956466024582,0.8164456657948479,0.09522852183246278,False,,False,False,,,,,31.0,
wolse,baseline_district_type,baseline,True,none,not evaluated,False,False,2,57829,51.93129824698999,38.92997458022791,35.59322033898305,-6.25,-19.534003134864935,101.07204805790343,217.13649506128215,0.8136894628215882,0.10132696707974653,False,,False,False,,,,,32.0,
wolse,kmeans_median,pure unsupervised,True,none,not evaluated,False,False,4,57829,54.45807089315969,40.824153971190924,37.64705882352941,-7.142857142857142,-23.40740672392774,103.71178283668354,186.22756193310227,0.8356127790008195,0.05224851888218307,False,,False,False,,,,,33.0,
wolse,baseline_district,baseline,True,none,not evaluated,False,False,1,57829,54.76366832252432,41.0532431824863,39.39393939393939,-7.6923076923076925,-27.484299724459444,95.6822296908096,178.70686239069775,0.8326601829625055,0.058934351037463806,False,,False,False,,,,,34.0,
wolse,baseline_global_median,baseline,True,none,not evaluated,False,False,0,57829,56.55289421387899,42.394525238202284,40.909090909090914,-5.454545454545454,-30.633720212727923,94.19277276397253,168.74917896234734,0.8584051371046052,-0.0001587568684409124,False,,False,False,,,,,35.0,
wolse,baseline_train_median,baseline,True,none,not evaluated,False,False,0,57829,56.55289421387899,42.394525238202284,40.909090909090914,-5.454545454545454,-30.633720212727923,94.19277276397253,168.74917896234734,0.8584051371046052,-0.0001587568684409124,False,,False,False,,,,,35.0,
wolse,hybrid_hgb_oracle,time-series/hybrid,False,forecasted index,not evaluated,True,False,14,57829,44.876048172221665,33.64105026407525,34.977412373700254,-15.0720444142811,-20.950607855843515,78.39787346437569,135.63649272259323,0.6936327260411579,0.34695444721598157,False,,False,False,,,,,,
wolse,hybrid_ridge_oracle,time-series/hybrid,False,forecasted index,not evaluated,True,False,10,57829,49.391297757706745,37.02587901898716,37.81055111846211,-15.3337803245131,-24.240896482695952,86.18036326800791,150.19729147029912,0.7434785948460584,0.24972363661546093,False,,False,False,,,,,,
